{
  "hash": "0cf90a09",
  "configHash": "80c11161",
  "lockfileHash": "dda6dc4a",
  "browserHash": "65aae0bf",
  "optimized": {
    "@angular/common/http": {
      "src": "../../../../../node_modules/@angular/common/fesm2022/http.mjs",
      "file": "@angular_common_http.js",
      "fileHash": "683db2c1",
      "needsInterop": false
    },
    "@angular/core": {
      "src": "../../../../../node_modules/@angular/core/fesm2022/core.mjs",
      "file": "@angular_core.js",
      "fileHash": "939e2cff",
      "needsInterop": false
    },
    "@angular/forms": {
      "src": "../../../../../node_modules/@angular/forms/fesm2022/forms.mjs",
      "file": "@angular_forms.js",
      "fileHash": "a82851c7",
      "needsInterop": false
    },
    "@angular/platform-browser": {
      "src": "../../../../../node_modules/@angular/platform-browser/fesm2022/platform-browser.mjs",
      "file": "@angular_platform-browser.js",
      "fileHash": "e4cb5252",
      "needsInterop": false
    },
    "@angular/platform-server": {
      "src": "../../../../../node_modules/@angular/platform-server/fesm2022/platform-server.mjs",
      "file": "@angular_platform-server.js",
      "fileHash": "1ee4d11b",
      "needsInterop": false
    },
    "@angular/router": {
      "src": "../../../../../node_modules/@angular/router/fesm2022/router.mjs",
      "file": "@angular_router.js",
      "fileHash": "5c3e17c3",
      "needsInterop": false
    }
  },
  "chunks": {
    "chunk-FRYFTMMY": {
      "file": "chunk-FRYFTMMY.js"
    },
    "chunk-QQHU6SQT": {
      "file": "chunk-QQHU6SQT.js"
    },
    "chunk-LXPRFGIR": {
      "file": "chunk-LXPRFGIR.js"
    },
    "chunk-CVVIHLGL": {
      "file": "chunk-CVVIHLGL.js"
    },
    "xhr2-AQ42KH57": {
      "file": "xhr2-AQ42KH57.js"
    },
    "chunk-NQ4HTGF6": {
      "file": "chunk-NQ4HTGF6.js"
    }
  }
}