{
  "hash": "a5a0b721",
  "configHash": "b5eaee74",
  "lockfileHash": "dda6dc4a",
  "browserHash": "b7168933",
  "optimized": {
    "@angular/common/http": {
      "src": "../../../../../node_modules/@angular/common/fesm2022/http.mjs",
      "file": "@angular_common_http.js",
      "fileHash": "7ae8af2f",
      "needsInterop": false
    },
    "@angular/core": {
      "src": "../../../../../node_modules/@angular/core/fesm2022/core.mjs",
      "file": "@angular_core.js",
      "fileHash": "e90578b5",
      "needsInterop": false
    },
    "@angular/forms": {
      "src": "../../../../../node_modules/@angular/forms/fesm2022/forms.mjs",
      "file": "@angular_forms.js",
      "fileHash": "551c9c35",
      "needsInterop": false
    },
    "@angular/platform-browser": {
      "src": "../../../../../node_modules/@angular/platform-browser/fesm2022/platform-browser.mjs",
      "file": "@angular_platform-browser.js",
      "fileHash": "4ede11ba",
      "needsInterop": false
    },
    "@angular/router": {
      "src": "../../../../../node_modules/@angular/router/fesm2022/router.mjs",
      "file": "@angular_router.js",
      "fileHash": "ae507c07",
      "needsInterop": false
    }
  },
  "chunks": {
    "chunk-A3OEVKZV": {
      "file": "chunk-A3OEVKZV.js"
    },
    "chunk-MVSS3KI4": {
      "file": "chunk-MVSS3KI4.js"
    },
    "chunk-DAFTAJPF": {
      "file": "chunk-DAFTAJPF.js"
    },
    "chunk-ZM642NCP": {
      "file": "chunk-ZM642NCP.js"
    }
  }
}